{
    "Name": "Flocking_Small",
    "Agents": [
        {
            "Position": [
                50,
                150
            ],
            "TargetPosition": [
                450,
                350
            ],
            "Velocity": [
                20,
                0
            ],
            "TargetVelocity": [
                0,
                0
            ],
            "Heading": [
                1,
                0
            ],
            "Radius": 9.321944322386182,
            "Mass": 17.734417540748566,
            "MaxVelocity": 50,
            "MaxAngularVelocity": 3.141592653589793,
            "MaxAcceleration": 50,
            "Flags": 0,
            "Size": 1,
            "Team": 0,
            "Move": 122
        },
        {
            "Position": [
                35,
                135
            ],
            "TargetPosition": [
                435,
                335
            ],
            "Velocity": [
                20,
                0
            ],
            "TargetVelocity": [
                0,
                0
            ],
            "Heading": [
                1,
                0
            ],
            "Radius": 7.292536010470289,
            "Mass": 10.853281931429779,
            "MaxVelocity": 50,
            "MaxAngularVelocity": 3.141592653589793,
            "MaxAcceleration": 50,
            "Flags": 0,
            "Size": 1,
            "Team": 0,
            "Move": 122
        },
        {
            "Position": [
                20,
                150
            ],
            "TargetPosition": [
                420,
                350
            ],
            "Velocity": [
                20,
                0
            ],
            "TargetVelocity": [
                0,
                0
            ],
            "Heading": [
                1,
                0
            ],
            "Radius": 4.191857966991275,
            "Mass": 3.586055758250658,
            "MaxVelocity": 50,
            "MaxAngularVelocity": 3.141592653589793,
            "MaxAcceleration": 50,
            "Flags": 0,
            "Size": 1,
            "Team": 0,
            "Move": 122
        },
        {
            "Position": [
                35,
                165
            ],
            "TargetPosition": [
                435,
                365
            ],
            "Velocity": [
                20,
                0
            ],
            "TargetVelocity": [
                0,
                0
            ],
            "Heading": [
                1,
                0
            ],
            "Radius": 3.974748204437639,
            "Mass": 3.224208834424539,
            "MaxVelocity": 50,
            "MaxAngularVelocity": 3.141592653589793,
            "MaxAcceleration": 50,
            "Flags": 0,
            "Size": 1,
            "Team": 0,
            "Move": 122
        },
        {
            "Position": [
                80,
                160
            ],
            "TargetPosition": [
                480,
                360
            ],
            "Velocity": [
                20,
                0
            ],
            "TargetVelocity": [
                0,
                0
            ],
            "Heading": [
                1,
                0
            ],
            "Radius": 8.211064262170552,
            "Mass": 13.759505370917228,
            "MaxVelocity": 50,
            "MaxAngularVelocity": 3.141592653589793,
            "MaxAcceleration": 50,
            "Flags": 0,
            "Size": 1,
            "Team": 0,
            "Move": 122
        },
        {
            "Position": [
                50,
                450
            ],
            "TargetPosition": [
                300,
                150
            ],
            "Velocity": [
                20,
                0
            ],
            "TargetVelocity": [
                0,
                0
            ],
            "Heading": [
                1,
                0
            ],
            "Radius": 6.192563036757115,
            "Mass": 7.826089176369492,
            "MaxVelocity": 50,
            "MaxAngularVelocity": 3.141592653589793,
            "MaxAcceleration": 50,
            "Flags": 0,
            "Size": 1,
            "Team": 0,
            "Move": 122
        },
        {
            "Position": [
                35,
                435
            ],
            "TargetPosition": [
                285,
                135
            ],
            "Velocity": [
                20,
                0
            ],
            "TargetVelocity": [
                0,
                0
            ],
            "Heading": [
                1,
                0
            ],
            "Radius": 8.895540950302623,
            "Mass": 16.149111999696096,
            "MaxVelocity": 50,
            "MaxAngularVelocity": 3.141592653589793,
            "MaxAcceleration": 50,
            "Flags": 0,
            "Size": 1,
            "Team": 0,
            "Move": 122
        },
        {
            "Position": [
                20,
                450
            ],
            "TargetPosition": [
                270,
                150
            ],
            "Velocity": [
                20,
                0
            ],
            "TargetVelocity": [
                0,
                0
            ],
            "Heading": [
                1,
                0
            ],
            "Radius": 7.681530157661037,
            "Mass": 12.042021543480814,
            "MaxVelocity": 50,
            "MaxAngularVelocity": 3.141592653589793,
            "MaxAcceleration": 50,
            "Flags": 0,
            "Size": 1,
            "Team": 0,
            "Move": 122
        },
        {
            "Position": [
                35,
                465
            ],
            "TargetPosition": [
                285,
                165
            ],
            "Velocity": [
                20,
                0
            ],
            "TargetVelocity": [
                0,
                0
            ],
            "Heading": [
                1,
                0
            ],
            "Radius": 3.618812886712644,
            "Mass": 2.6726136140892853,
            "MaxVelocity": 50,
            "MaxAngularVelocity": 3.141592653589793,
            "MaxAcceleration": 50,
            "Flags": 0,
            "Size": 1,
            "Team": 0,
            "Move": 122
        },
        {
            "Position": [
                80,
                460
            ],
            "TargetPosition": [
                330,
                160
            ],
            "Velocity": [
                20,
                0
            ],
            "TargetVelocity": [
                0,
                0
            ],
            "Heading": [
                1,
                0
            ],
            "Radius": 8.87065838355218,
            "Mass": 16.058893909731545,
            "MaxVelocity": 50,
            "MaxAngularVelocity": 3.141592653589793,
            "MaxAcceleration": 50,
            "Flags": 0,
            "Size": 1,
            "Team": 0,
            "Move": 122
        },
        {
            "Position": [
                150,
                50
            ],
            "TargetPosition": [
                50,
                450
            ],
            "Velocity": [
                20,
                0
            ],
            "TargetVelocity": [
                0,
                0
            ],
            "Heading": [
                1,
                0
            ],
            "Radius": 9.219204170445503,
            "Mass": 17.345658272726478,
            "MaxVelocity": 50,
            "MaxAngularVelocity": 3.141592653589793,
            "MaxAcceleration": 50,
            "Flags": 0,
            "Size": 1,
            "Team": 0,