{
    "Name": "Flocking_Small",
    "Agents": [
        {
            "Position": [
                50,
                150
            ],
            "TargetPosition": [
                450,
                350
            ],
            "Velocity": [
                20,
                0
            ],
            "TargetVelocity": [
                0,
                0
            ],
            "Heading": [
                1,
                0
            ],
            "Radius": 9.859797151428959,
            "Mass": 12.324746439286198,
            "MaxVelocity": 50,
            "MaxAngularVelocity": 3.141592653589793,
            "MaxAcceleration": 50,
            "Flags": 4,
            "Team": 0
        },
        {
            "Position": [
                40,
                140
            ],
            "TargetPosition": [
                440,
                340
            ],
            "Velocity": [
                20,
                0
            ],
            "TargetVelocity": [
                0,
                0
            ],
            "Heading": [
                1,
                0
            ],
            "Radius": 8.926537291462129,
            "Mass": 11.15817161432766,
            "MaxVelocity": 50,
            "MaxAngularVelocity": 3.141592653589793,
            "MaxAcceleration": 50,
            "Flags": 4,
            "Team": 0
        },
        {
            "Position": [
                35,
                150
            ],
            "TargetPosition": [
                435,
                350
            ],
            "Velocity": [
                20,
                0
            ],
            "TargetVelocity": [
                0,
                0
            ],
            "Heading": [
                1,
                0
            ],
            "Radius": 6.296596990541099,
            "Mass": 7.870746238176373,
            "MaxVelocity": 50,
            "MaxAngularVelocity": 3.141592653589793,
            "MaxAcceleration": 50,
            "Flags": 4,
            "Team": 0
        },
        {
            "Position": [
                40,
                160
            ],
            "TargetPosition": [
                440,
                360
            ],
            "Velocity": [
                20,
                0
            ],
            "TargetVelocity": [
                0,
                0
            ],
            "Heading": [
                1,
                0
            ],
            "Radius": 4.900932849131176,
            "Mass": 6.12616606141397,
            "MaxVelocity": 50,
            "MaxAngularVelocity": 3.141592653589793,
            "MaxAcceleration": 50,
            "Flags": 4,
            "Team": 0
        },
        {
            "Position": [
                80,
                160
            ],
            "TargetPosition": [
                480,
                360
            ],
            "Velocity": [
                20,
                0
            ],
            "TargetVelocity": [
                0,
                0
            ],
            "Heading": [
                1,
                0
            ],
            "Radius": 6.181267471856222,
            "Mass": 7.726584339820278,
            "MaxVelocity": 50,
            "MaxAngularVelocity": 3.141592653589793,
            "MaxAcceleration": 50,
            "Flags": 4,
            "Team": 0
        },
        {
            "Position": [
                50,
                450
            ],
            "TargetPosition": [
                300,
                150
            ],
            "Velocity": [
                20,
                0
            ],
            "TargetVelocity": [
                0,
                0
            ],
            "Heading": [
                1,
                0
            ],
            "Radius": 8.891265666061187,
            "Mass": 11.114082082576484,
            "MaxVelocity": 50,
            "MaxAngularVelocity": 3.141592653589793,
            "MaxAcceleration": 50,
            "Flags": 4,
            "Team": 0
        },
        {
            "Position": [
                40,
                440
            ],
            "TargetPosition": [
                290,
                140
            ],
            "Velocity": [
                20,
                0
            ],
            "TargetVelocity": [
                0,
                0
            ],
            "Heading": [
                1,
                0
            ],
            "Radius": 4.87296609421093,
            "Mass": 6.091207617763662,
            "MaxVelocity": 50,
            "MaxAngularVelocity": 3.141592653589793,
            "MaxAcceleration": 50,
            "Flags": 4,
            "Team": 0
        },
        {
            "Position": [
                35,
                450
            ],
            "TargetPosition": [
                285,
                150
            ],
            "Velocity": [
                20,
                0
            ],
            "TargetVelocity": [
                0,
                0
            ],
            "Heading": [
                1,
                0
            ],
            "Radius": 5.398632954124368,
            "Mass": 6.74829119265546,
            "MaxVelocity": 50,
            "MaxAngularVelocity": 3.141592653589793,
            "MaxAcceleration": 50,
            "Flags": 4,
            "Team": 0
        },
        {
            "Position": [
                40,
                460
            ],
            "TargetPosition": [
                290,
                160
            ],
            "Velocity": [
                20,
                0
            ],
            "TargetVelocity": [
                0,
                0
            ],
            "Heading": [
                1,
                0
            ],
            "Radius": 4.4268349476852125,
            "Mass": 5.533543684606515,
            "MaxVelocity": 50,
            "MaxAngularVelocity": 3.141592653589793,
            "MaxAcceleration": 50,
            "Flags": 4,
            "Team": 0
        },
        {
            "Position": [
                80,
                460
            ],
            "TargetPosition": [
                330,
                160
            ],
            "Velocity": [
                20,
                0
            ],
            "TargetVelocity": [
                0,
                0
            ],
            "Heading": [
                1,
                0
            ],
            "Radius": 11.538556037219594,
            "Mass": 14.423195046524492,
            "MaxVelocity": 50,
            "MaxAngularVelocity": 3.141592653589793,
            "MaxAcceleration": 50,
            "Flags": 4,
            "Team": 0
        },
        {
            "Position": [
                150,
                50
            ],
            "TargetPosition": [
                50,
                450
            ],
            "Velocity": [
                20,
                0
            ],
            "TargetVelocity": [
                0,
                0
            ],
            "Heading": [
                1,
                0
            ],
            "Radius": 4.261595704246913,
            "Mass": 5.326994630308642,
            "MaxVelocity": 50,
            "MaxAngularVelocity": 3.141592653589793,
            "MaxAcceleration": 50,
            "Flags": 4,
            "Team": 0
        },
        {
            "Position": [
                140,
                40
            ],
            "TargetPosition": [
                40,
                440
            ],
            "Velocity": [
                20,
                0
            ],
            "TargetVelocity": [
                0,
                0
            ],
            "Heading": [
                1,
                0
            ],
            "Radius": 8.891294943267187,
            "Mass": 11.114118679083983,