{
    "Name": "Flocking_Small",
    "Agents": [
        {
            "Position": [
                50,
                150
            ],
            "TargetPosition": [
                450,
                350
            ],
            "Velocity": [
                20,
                0
            ],
            "TargetVelocity": [
                0,
                0
            ],
            "Heading": [
                1,
                0
            ],
            "Radius": 8.663700174687438,
            "Mass": 15.318306268750847,
            "MaxVelocity": 50,
            "MaxAngularVelocity": 3.141592653589793,
            "MaxAcceleration": 50,
            "Flags": 4,
            "Team": 0
        },
        {
            "Position": [
                35,
                135
            ],
            "TargetPosition": [
                435,
                335
            ],
            "Velocity": [
                20,
                0
            ],
            "TargetVelocity": [
                0,
                0
            ],
            "Heading": [
                1,
                0
            ],
            "Radius": 8.065749908896239,
            "Mass": 13.276800325073408,
            "MaxVelocity": 50,
            "MaxAngularVelocity": 3.141592653589793,
            "MaxAcceleration": 50,
            "Flags": 4,
            "Team": 0
        },
        {
            "Position": [
                20,
                150
            ],
            "TargetPosition": [
                420,
                350
            ],
            "Velocity": [
                20,
                0
            ],
            "TargetVelocity": [
                0,
                0
            ],
            "Heading": [
                1,
                0
            ],
            "Radius": 6.071791250723497,
            "Mass": 7.523805916808655,
            "MaxVelocity": 50,
            "MaxAngularVelocity": 3.141592653589793,
            "MaxAcceleration": 50,
            "Flags": 4,
            "Team": 0
        },
        {
            "Position": [
                35,
                165
            ],
            "TargetPosition": [
                435,
                365
            ],
            "Velocity": [
                20,
                0
            ],
            "TargetVelocity": [
                0,
                0
            ],
            "Heading": [
                1,
                0
            ],
            "Radius": 4.680477964548578,
            "Mass": 4.470790607474448,
            "MaxVelocity": 50,
            "MaxAngularVelocity": 3.141592653589793,
            "MaxAcceleration": 50,
            "Flags": 4,
            "Team": 0
        },
        {
            "Position": [
                80,
                160
            ],
            "TargetPosition": [
                480,
                360
            ],
            "Velocity": [
                20,
                0
            ],
            "TargetVelocity": [
                0,
                0
            ],
            "Heading": [
                1,
                0
            ],
            "Radius": 5.969125623904969,
            "Mass": 7.271522594685487,
            "MaxVelocity": 50,
            "MaxAngularVelocity": 3.141592653589793,
            "MaxAcceleration": 50,
            "Flags": 4,
            "Team": 0
        },
        {
            "Position": [
                50,
                450
            ],
            "TargetPosition": [
                300,
                150
            ],
            "Velocity": [
                20,
                0
            ],
            "TargetVelocity": [
                0,
                0
            ],
            "Heading": [
                1,
                0
            ],
            "Radius": 8.042279145745525,
            "Mass": 13.199643644508846,
            "MaxVelocity": 50,
            "MaxAngularVelocity": 3.141592653589793,
            "MaxAcceleration": 50,
            "Flags": 4,
            "Team": 0
        },
        {
            "Position": [
                35,
                435
            ],
            "TargetPosition": [
                285,
                135
            ],
            "Velocity": [
                20,
                0
            ],
            "TargetVelocity": [
                0,
                0
            ],
            "Heading": [
                1,
                0
            ],
            "Radius": 4.648344363568969,
            "Mass": 4.409613331086409,
            "MaxVelocity": 50,
            "MaxAngularVelocity": 3.141592653589793,
            "MaxAcceleration": 50,
            "Flags": 4,
            "Team": 0
        },
        {
            "Position": [
                20,
                450
            ],
            "TargetPosition": [
                270,
                150
            ],
            "Velocity": [
                20,
                0
            ],
            "TargetVelocity": [
                0,
                0
            ],
            "Heading": [
                1,
                0
            ],
            "Radius": 5.219348328768695,
            "Mass": 5.559509587147055,
            "MaxVelocity": 50,
            "MaxAngularVelocity": 3.141592653589793,
            "MaxAcceleration": 50,
            "Flags": 4,
            "Team": 0
        },
        {
            "Position": [
                35,
                465
            ],
            "TargetPosition": [
                285,
                165
            ],
            "Velocity": [
                20,
                0
            ],
            "TargetVelocity": [
                0,
                0
            ],
            "Heading": [
                1,
                0
            ],
            "Radius": 4.10184557187382,
            "Mass": 3.433701448061402,
            "MaxVelocity": 50,
            "MaxAngularVelocity": 3.141592653589793,
            "MaxAcceleration": 50,
            "Flags": 4,
            "Team": 0
        },
        {
            "Position": [
                80,
                460
            ],
            "TargetPosition": [
                330,
                160
            ],
            "Velocity": [
                20,
                0
            ],
            "TargetVelocity": [
                0,
                0
            ],
            "Heading": [
                1,
                0
            ],
            "Radius": 9.646444812673089,
            "Mass": 18.990591331417864,
            "MaxVelocity": 50,
            "MaxAngularVelocity": 3.141592653589793,
            "MaxAcceleration": 50,
            "Flags": 4,
            "Team": 0
        },
        {
            "Position": [
                150,
                50
            ],
            "TargetPosition": [
                50,
                450
            ],
            "Velocity": [
                20,
                0
            ],
            "TargetVelocity": [
                0,
                0
            ],
            "Heading": [
                1,
                0
            ],
            "Radius": 3.8799457412310034,
            "Mass": 3.0722406030401226,
            "MaxVelocity": 50,
            "MaxAngularVelocity": 3.141592653589793,
            "MaxAcceleration": 50,
            "Flags": 4,
            "Team": 0
        },
        {
            "Position": [
                135,
                35
            ],
            "TargetPosition": [
                35,
                435
            ],
            "Velocity": [
                20,
                0
            ],
            "TargetVelocity": [
                0,
                0
            ],
            "Heading": [
                1,
                0
            ],
            "Radius": 8.042298656052582,
            "Mass": 13.199707688396972,